{
    "migration_matrix": {
        "maturity-lower": {
            "near_europe": [
                [
                    0.9596236619432497,
                    0.02742632510673748,
                    0.010101010101010102,
                    0.0028490028490028487,
                    0.0
                ],
                [
                    0.3333333333333333,
                    0.6666666666666666,
                    0.0,
                    0.0,
                    0.0
                ],
                [
                    0.0,
                    0.0,
                    1.0,
                    0.0,
                    0.0
                ],
                [
                    0.0,
                    0.0,
                    0.0,
                    0.6666666666666666,
                    0.3333333333333333
                ],
                [
                    0.0,
                    0.0,
                    0.0,
                    0.0,
                    1.0
                ]
            ],
            "africa": [
                [
                    0.9195607054273909,
                    0.03369312193442694,
                    0.021929661187219698,
                    0.012537834961600334,
                    0.012278676489362058
                ],
                [
                    0.015038693092517113,
                    0.36084505447667753,
                    0.012869282612749408,
                    0.0050387596899224806,
                    0.6062082101281334
                ],
                [
                    0.003355704697986577,
                    0.01430625256128612,
                    0.3422818791946309,
                    0.011339048251799927,
                    0.6287171152942965
                ],
                [
                    0.0021929824561403508,
                    0.0,
                    0.0,
                    0.3355263157894737,
                    0.662280701754386
                ],
                [
                    0.0,
                    0.0,
                    0.0,
                    0.0,
                    1.0
                ]
            ],
            "middle_east": [
                [
                    0.8933974340572783,
                    0.05729917544387126,
                    0.017536771919468275,
                    0.007413214023003547,
                    0.02435340455637851
                ],
                [
                    0.03333333333333333,
                    0.5430555555555555,
                    0.06388888888888888,
                    0.04305555555555555,
                    0.31666666666666665
                ],
                [
                    0.1111111111111111,
                    0.0,
                    0.5,
                    0.03333333333333333,
                    0.35555555555555557
                ],
                [
                    0.0,
                    0.0,
                    0.03333333333333333,
                    0.5333333333333333,
                    0.43333333333333335
                ],
                [
                    0.0,
                    0.0,
                    0.0,
                    0.0,
                    1.0
                ]
            ]
        },
        "maturity-upper": {
            "near_europe": [
                [
                    0.9505434554423163,
                    0.011334674513743528,
                    0.0034544952221068205,
                    0.013153451003395012,
                    0.021513923818438346
                ],
                [
                    0.09523809523809523,
                    0.7142857142857143,
                    0.0,
                    0.09523809523809523,
                    0.09523809523809529
                ],
                [
                    0.0,
                    0.0,
                    0.2222222222222222,
                    0.0,
                    0.7777777777777777
                ],
                [
                    0.0,
                    0.0,
                    0.0,
                    0.3333333333333333,
                    0.6666666666666666
                ],
                [
                    0.0,
                    0.0,
                    0.0,
                    0.0,
                    1.0
                ]
            ],
            "africa": [
                [
                    0.8917009744766086,
                    0.07432374295380646,
                    0.014121361164101181,
                    0.018571565525836452,
                    0.0012823558796473979
                ],
                [
                    0.08879781420765027,
                    0.40563261874737283,
                    0.009142496847414881,
                    0.006410256410256411,
                    0.4900168137873056
                ],
                [
                    0.09523809523809523,
                    0.07142857142857142,
                    0.5,
                    0.0,
                    0.3333333333333333
                ],
                [
                    0.0,
                    0.0,
                    0.0,
                    0.8333333333333334,
                    0.16666666666666666
                ],
                [
                    0.0,
                    0.0,
                    0.0,
                    0.0,
                    1.0
                ]
            ],
            "middle_east": [
                [
                    0.9722222222222223,
                    0.009259259259259259,
                    0.0,
                    0.018518518518518517,
                    0.0
                ],
                [
                    0.25,
                    0.5,
                    0.0,
                    0.0,
                    0.25
                ],
                [
                    0.0,
                    0.0,
                    0.5,
                    0.0,
                    0.5
                ],
                [
                    0.0,
                    0.0,
                    0.0,
                    1.0,
                    0.0
                ],
                [
                    0.0,
                    0.0,
                    0.0,
                    0.0,
                    1.0
                ]
            ]
        }
    },
    "lgd_liq_cur": [
        0.8947114619910131,
        0.05809541914663661
    ],